name,carbs_per_100g
携斜谢芯泻芯,11.3
袘邪薪邪薪,21.0
啸谢械斜 褉卸邪薪芯泄,42.0
袣邪褕邪 谐褉械褔薪械胁邪褟,23.1
袦芯谢芯泻芯,4.8
袣邪褉褌芯褎械谢褜 胁邪褉械薪褘泄,16.7
袪懈褋 斜械谢褘泄 胁邪褉械薪褘泄,28.0
袨胁褋褟薪褘械 褏谢芯锌褜褟,57.0
袦邪泻邪褉芯薪褘 芯褌胁邪褉薪褘械,25.0
小褘褉 褌胁械褉写褘泄,1.5
孝胁芯褉芯谐 芯斜械蟹卸懈褉械薪薪褘泄,3.5
携泄褑芯 泻褍褉懈薪芯械,0.7
袣褍褉懈褑邪 胁邪褉械薪邪褟,0.0
袚芯胁褟写懈薪邪 褌褍褕械薪邪褟,0.0
袨谐褍褉械褑 褋胁械卸懈泄,3.0
袩芯屑懈写芯褉 褋胁械卸懈泄,3.9
袥褍泻 褉械锌褔邪褌褘泄,9.0
袦芯褉泻芯胁褜 褋褘褉邪褟,7.0
袣邪锌褍褋褌邪 斜械谢芯泻邪褔邪薪薪邪褟,5.0
小胁械泻谢邪 胁邪褉械薪邪褟,10.0
效械褋薪芯泻,30.0
楔芯泻芯谢邪写 褌械屑薪褘泄,45.0
袦褢写,80.0
小邪褏邪褉,100.0
袡芯谐褍褉褌 薪邪褌褍褉邪谢褜薪褘泄,4.0
袣械褎懈褉,4.0
小屑械褌邪薪邪,3.0
小芯褋懈褋泻懈,2.0
袣芯谢斜邪褋邪 胁邪褉械薪邪褟,1.5
小械谢褜写褜 褋芯谢械薪邪褟,0.0
孝褍薪械褑 泻芯薪褋械褉胁懈褉芯胁邪薪薪褘泄,0.0
肖邪褋芯谢褜 芯褌胁邪褉薪邪褟,22.0
效械褔械胁懈褑邪 胁邪褉械薪邪褟,20.0
袗锌械谢褜褋懈薪,8.0
袚褉褍褕邪,10.0
袣谢褍斜薪懈泻邪,7.0
袙懈薪芯谐褉邪写,16.0
袗褉邪褏懈褋,16.0
袚褉械褑泻懈械 芯褉械褏懈,14.0
袦懈薪写邪谢褜,13.0
小械屑械褔泻懈 锌芯写褋芯谢薪械褔薪懈泻邪,20.0
袗胁芯泻邪写芯,2.0
袘褉芯泻泻芯谢懈,7.0
楔锌懈薪邪褌,3.0
袚褉懈斜褘 斜械谢褘械,1.0
袣懈胁懈,14.0
袗薪邪薪邪褋,12.0
袗褉斜褍蟹,7.0
袛褘薪褟,8.0
袣芯褎械 褉邪褋褌胁芯褉懈屑褘泄, 0.0
袩械褉褋懈泻,9.5
袗斜褉懈泻芯褋,11.0
袦邪薪写邪褉懈薪,13.0
袦邪谢懈薪邪,5.0
效械褉薪懈泻邪,14.0
小屑芯褉芯写懈薪邪 褔械褉薪邪褟,15.0
孝褘泻胁邪 蟹邪锌械褔械薪薪邪褟,6.0
袘邪泻谢邪卸邪薪,5.0
笑褍泻懈薪懈,3.0
袩械褉械褑 褋谢邪写泻懈泄,6.0
袩械褌褉褍褕泻邪 褋胁械卸邪褟,6.0
校泻褉芯锌 褋胁械卸懈泄,7.0
啸谢械斜 锌褕械薪懈褔薪褘泄,49.0
袥邪胁邪褕 邪褉屑褟薪褋泻懈泄,56.0
袣褍泻褍褉褍蟹邪 胁邪褉械薪邪褟,22.0
袚芯褉芯褕械泻 蟹械谢械薪褘泄,14.0
效械褉薪芯褋谢懈胁,65.0
袣褍褉邪谐邪,63.0
肖懈薪懈泻懈,75.0
袠薪卸懈褉 褋褍褕械薪褘泄,64.0
袚褉械褔泻邪 褋褘褉邪褟,71.0
袪懈褋 褋褘褉芯泄,80.0
袨胁褋褟薪邪褟 泻褉褍锌邪,62.0
袩褕械薪芯 褋褍褏芯械,73.0
袦邪薪薪邪褟 泻褉褍锌邪,73.0
袣懈薪芯邪 胁邪褉械薪邪褟,21.0
袧褍褌 胁邪褉械薪褘泄,27.0
小芯褟 胁邪褉械薪邪褟,12.0
孝芯褎褍,1.5
袘褉褘薪蟹邪,1.5
小谢懈胁泻懈 10%,4.0
袪褟卸械薪泻邪,4.0
袡芯谐褍褉褌 褎褉褍泻褌芯胁褘泄,16.0
小褘褉 锌谢邪胁谢械薪褘泄,5.0
袣褉械胁械褌泻懈 胁邪褉械薪褘械,0.0
袥芯褋芯褋褜 蟹邪锌械褔械薪薪褘泄,0.0
袣邪谢褜屑邪褉 芯褌胁邪褉薪芯泄,4.0
袠泻褉邪 泻褉邪褋薪邪褟,3.0
小胁懈薪懈薪邪 褌褍褕械薪邪褟,0.0
袘邪褉邪薪懈薪邪 卸邪褉械薪邪褟,0.0
肖邪褉褕 谐芯胁褟卸懈泄,0.0
袣褉芯谢懈泻 褌褍褕械薪褘泄,0.0
袩械褔械薪褜 泻褍褉懈薪邪褟,1.0
小邪谢芯,0.0
袨谢懈胁泻懈 泻芯薪褋械褉胁懈褉芯胁邪薪薪褘械,6.0
袣褍薪卸褍褌,12.0
袣械褕褜褞,23.0
肖懈褋褌邪褕泻懈,18.0
袣芯泻芯褋 褋胁械卸懈泄,15.0
袣邪泻邪芯-锌芯褉芯褕芯泻,20.0
袪械锌邪,6.0
袪械写懈褋,3.4
袪械胁械薪褜,4.5
袗褉褌懈褕芯泻,11.0
孝芯锌懈薪邪屑斜褍褉,17.0
袣芯谢褜褉邪斜懈,7.0
袩邪褋褌械褉薪邪泻,18.0
袘褉褞泻胁邪,8.0
小械谢褜写械褉械泄 泻芯褉薪械胁芯泄,9.0
袣芯褉械薪褜 锌械褌褉褍褕泻懈,11.0
啸褉械薪,16.0
袪褍泻泻芯谢邪,3.7
袣褉械褋褋-褋邪谢邪褌,5.5
袩械泻懈薪褋泻邪褟 泻邪锌褍褋褌邪,2.0
袣褉邪褋薪芯泻芯褔邪薪薪邪褟 泻邪锌褍褋褌邪,7.0
小邪胁芯泄褋泻邪褟 泻邪锌褍褋褌邪,6.0
袦芯褉褋泻邪褟 泻邪锌褍褋褌邪,9.0
袘邪褌邪褌,20.0
肖械薪褏械谢褜,7.0
袣褍泻褍褉褍蟹邪 泻芯薪褋械褉胁懈褉芯胁邪薪薪邪褟,19.0
袚褉褍褕邪 泻芯薪褎械褉械薪褑懈褟,15.0
袧械泻褌邪褉懈薪,11.0
袦邪褉邪泻褍泄褟,13.0
袚褍邪胁邪,14.0
袣邪褉邪屑斜芯谢邪,7.0
袘械谢褘械 谐褉懈斜褘 褋褍褕械薪褘械,30.0
楔懈懈褌邪泻械,28.0
袙械褕械薪泻懈,7.0
啸谢械斜 斜芯褉芯写懈薪褋泻懈泄,40.0
袥邪胁邪褕 褌芯薪泻懈泄,55.0
啸谢械斜褑褘 谐褉械褔薪械胁褘械,65.0
袦褞褋谢懈 褎褉褍泻褌芯胁褘械,65.0
袩械褉谢芯胁泻邪 褋褍褏邪褟,74.0
携褔薪械胁邪褟 泻褉褍锌邪,75.0
袘褍谢谐褍褉 胁邪褉械薪褘泄,18.0
小锌邪谐械褌褌懈 褑械谢褜薪芯蟹械褉薪芯胁褘械,65.0
小械泄褌邪薪,5.0
孝械屑锌械,9.0
小褘褉 邪写褘谐械泄褋泻懈泄,1.5
袦邪褋谢芯 褌芯锌谢械薪芯械,0.0
孝胁芯褉芯卸薪褘泄 褋褘褉,3.0
小谢懈胁泻懈 35%,3.0
袗泄褉邪薪,2.0
校谐芯褉褜 泻芯锌褔械薪褘泄,0.0
袦懈写懈懈 芯褌胁邪褉薪褘械,7.0
袨褋褜屑懈薪芯谐,4.0
袙芯写芯褉芯褋谢懈 薪芯褉懈,5.0
小械屑械薪邪 褔懈邪,42.0
袗泄胁邪,15.0
袚褉械泄锌褎褉褍褌,6.5
袣褉褘卸芯胁薪懈泻,12.0
效械褉薪芯锌谢芯写薪邪褟 褉褟斜懈薪邪,11.0
袦芯褉芯褕泻邪,9.0
袘褉褍褋薪懈泻邪,8.2
楔械谢泻芯胁懈褑邪,9.8
袩懈褌邪泄褟 (写褉邪泻芯薪懈泄 褎褉褍泻褌),13.0
肖械泄褏芯邪,15.0
小邪锌芯写懈谢谢邪,25.0
袪械写懈褋 写邪泄泻芯薪,4.1
袗褉褉邪泻邪褔邪,27.0
袘邪屑懈褟,7.0
袙懈谐薪邪 (褋锌邪褉卸械胁邪褟 褎邪褋芯谢褜),8.0
袣褉械褋褋芯薪 (卸械褉褍褏邪),6.0
袣邪褉写芯薪,4.8
小泻芯褉褑芯薪械褉邪,17.0
袨泻邪,20.0
效褍褎邪 (蟹械屑谢褟薪芯泄 屑懈薪写邪谢褜),63.0
携屑褋,28.0
袥懈褋褌褜褟 屑邪谢懈薪褘,8.0
袥懈褋褌褜褟 褋屑芯褉芯写懈薪褘,5.0
袩褉芯褉芯褋褌泻懈 锌褕械薪懈褑褘,42.0
袩褉芯褉芯褋褌泻懈 褋芯懈,30.0
袦懈泻褉芯蟹械谢械薪褜,5.0
啸谢械斜 泻褍泻褍褉褍蟹薪褘泄,47.0
啸谢械斜 谢褜薪褟薪芯泄,35.0
啸谢械斜 褋 褋械屑械薪邪屑懈 褔懈邪,45.0
啸谢械斜 薪邪 蟹邪泻胁邪褋泻械,46.0
袚邪谢械褌褘 褉懈褋芯胁褘械,85.0
袩芯谢斜邪 胁邪褉械薪邪褟,22.0
袗屑邪褉邪薪褌,65.0
孝械褎,73.0
小芯褉谐芯,75.0
袦邪褕 胁邪褉械薪褘泄,19.0
效械褔械胁懈褑邪 泻褉邪褋薪邪褟,20.0
小褘褉 褉懈泻芯褌褌邪,3.0
小褘褉 泻邪屑邪屑斜械褉,0.5
小褘褉 写芯褉 斜谢褞,2.0
袣芯蟹懈泄 褋褘褉,1.0
小褘胁芯褉芯褌泻邪 屑芯谢芯褔薪邪褟,5.0
袣邪褌褘泻,4.5
袗褑懈写芯褎懈谢懈薪,4.0
小薪械卸芯泻,18.0
孝邪薪,2.0
袦邪褋谢褟褌邪 褋胁械卸懈械,3.0
袥懈褋懈褔泻懈,6.0
袨锌褟褌邪,3.5
楔邪屑锌懈薪褜芯薪褘 泻芯薪褋械褉胁懈褉芯胁邪薪薪褘械,2.0
孝褉械褋泻邪 褋褍褕械薪邪褟,0.0
小泻褍屑斜褉懈褟 褋胁械卸邪褟,0.0
小邪褉写懈薪褘 胁 屑邪褋谢械,0.0
袣芯褉褞褕泻邪 卸邪褉械薪邪褟,12.0
袦芯泄胁邪 泻芯锌褔械薪邪褟,0.0
袨褋械褌褉懈薪邪,0.0
袩械褔械薪褜 褌褉械褋泻懈,2.0
小械屑谐邪 褋谢邪斜芯褋芯谢械薪邪褟,0.0
袘械谢褍谐邪,0.0
小褌械褉谢褟写褜,0.0
袥邪薪谐褍褋褌,1.0
袦芯褉褋泻芯泄 械卸,4.0
袪邪泻懈 胁邪褉械薪褘械,1.0
袠泻褉邪 褖褍褔褜褟,1.5
袚芯胁褟卸褜褟 锌械褔械薪褜,5.0
小胁懈薪褘械 锌芯褔泻懈,1.0
袘邪褉邪薪懈泄 褟蟹褘泻,0.0
袨谢械薪懈薪邪,0.0
袣芯薪懈薪邪,0.0
肖邪蟹邪薪,0.0
袩械褉械锌械谢泻邪,0.0
校褌泻邪 蟹邪锌械褔械薪薪邪褟,0.0
袚褍褋褜 褌褍褕械薪褘泄,0.0
小褌褉邪褍褋褟褌懈薪邪,0.0
袣械薪谐褍褉褟褌懈薪邪,0.0
小邪谢芯 褋芯谢械薪芯械,0.0
袟械谢褜褑,2.0
袪褍谢褜泻邪,0.0
啸芯谢芯写械褑,3.0
袩邪褋褌懈谢邪,80.0
啸邪谢胁邪 锌芯写褋芯谢薪械褔薪邪褟,54.0
啸邪谢胁邪 褌邪褏懈薪薪邪褟,50.0
袣芯蟹懈薪邪泻懈,65.0
些械褉斜械褌,85.0
袩芯屑邪写泻邪,93.0
袧褍谐邪,72.0
孝芯褉褌 袧邪锌芯谢械芯薪,40.0
孝芯褉褌 袦械写芯胁懈泻,55.0
袩懈褉芯卸薪芯械 褝泻谢械褉,35.0
袘械蟹械,95.0
袩褉褟薪懈泻懈 褌褍谢褜褋泻懈械,75.0
效邪泻-褔邪泻,60.0
袥褍泻褍屑,90.0
笑褍泻邪褌褘,82.0
袙邪褉械薪褜械 懈蟹 褉芯蟹褘,70.0
小懈褉芯锌 泻谢械薪芯胁褘泄,67.0
小懈褉芯锌 邪谐邪胁褘,76.0
袩邪褌芯泻邪,78.0
小褌械胁懈褟 褋褍褕械薪邪褟,0.0
协褉懈褌褉懈褌,0.0
袩芯屑械谢芯,8.6
袥邪泄屑,10.5
袣褍屑泻胁邪褌,15.9
啸褍褉屑邪 胁芯褋褌芯褔薪邪褟,33.8
袦褍褕屑褍谢邪,14.0
袗蟹懈屑懈薪邪,18.0
效械褉薪邪褟 褋邪锌芯褌邪,25.0
袣邪薪懈褋褌械谢褜,37.0
袥芯薪谐邪薪 褋胁械卸懈泄,15.0
袪邪屑斜褍褌邪薪,16.5
小邪谢邪泻,12.0
袛褍褉懈邪薪,27.1
袦邪薪谐芯褋褌懈薪,17.9
孝邪屑邪褉懈薪写,62.5
袞邪斜芯褌懈泻邪斜邪,15.0
袣懈胁邪薪芯,7.6
袩械锌懈薪芯,11.0
袗薪薪芯薪邪,25.0
效械褉懈屑芯泄褟,23.0
小邪褏邪褉薪芯械 褟斜谢芯泻芯,25.0
袗褉褌懈褕芯泻 懈褋锌邪薪褋泻懈泄,12.0
袘邪屑懈褟 褋胁械卸邪褟,7.5
袣邪锌械褉褋褘,5.0
袣芯谢褜褉邪斜懈 屑芯谢芯写邪褟,6.0
袦懈蟹褍薪邪,4.0
袨泻褉邪,7.0
袩邪谢褜屑芯胁褘械 褋械褉写褑邪,25.0
袩邪薪写邪薪褍褋,20.0
袪芯屑邪薪械褋泻芯,4.0
孝懈谐褉芯胁褘械 芯褉械褏懈,62.0
携屑褋 泻懈褌邪泄褋泻懈泄,28.0
袟械谢械薪邪褟 褉械写褜泻邪,4.0
袣芯褉械薪褜 谢芯锌褍褏邪,17.0
袣芯褉械薪褜 褑懈泻芯褉懈褟,17.0
小械褉写械褔泻懈 锌邪谢褜屑芯胁褘械,25.0
孝邪褉芯,26.0
啸谢械斜 懈蟹 锌褉芯褉芯褖械薪薪芯谐芯 蟹械褉薪邪,38.0
啸谢械斜 锌褍屑锌械褉薪懈泻械谢褜,40.0
袥邪胁邪褕 斜械蟹写褉芯卸卸械胁芯泄,55.0
袪懈褋芯胁褘械 谢械锌械褕泻懈,85.0
袚褉械褔薪械胁邪褟 屑褍泻邪,71.0
袣邪屑褍褌,70.0
小锌械谢褜褌邪,70.0
肖褉懈泻械,75.0
效褍屑懈蟹邪,67.0
携褔屑械薪褜 谐芯谢芯蟹械褉薪褘泄,78.0
小褘褉 锌械泻芯褉懈薪芯,0.0
小褘褉 谐褉邪薪邪 锌邪写邪薪芯,0.0
小褘褉 屑邪邪褋写邪屑,0.0
小褘褉 褝写邪屑,1.5
袗薪邪薪邪褋 褋褍褕械薪褘泄,82.0
袘邪薪邪薪 褋褍褕械薪褘泄,88.0
袠薪卸懈褉 褋胁械卸懈泄,19.0
袣懈胁懈 蟹芯谢芯褌芯泄,14.0
袥懈褔懈,17.0
袩懈褌邪褏邪泄褟 卸械谢褌邪褟,13.0
袪芯屑芯胁邪褟 斜邪斜邪,45.0
小褎褍屑邪褌芯,1.0
孝胁芯褉芯谐 褌芯褎褍,2.0
小褘褉 褋褌褉邪褔邪褌械谢谢邪,2.0
袗泄褉邪薪 谐褍褋褌芯泄,3.0
袣褍屑褘褋,5.0
袦邪褌褔邪,38.0
袪褘斜邪 斜邪褉褉邪屑褍薪写懈,0.0
袪褘斜邪 写芯褉邪写芯,0.0
袪褘斜邪 褋懈斜邪褋,0.0
袪褘斜邪 褌懈谢邪锌懈褟,0.0
袪褘斜邪 褌褍薪械褑 卸械谢褌芯锌械褉褘泄,0.0
袪褘斜邪 褏邪褉懈褍褋,0.0
袦芯褉褋泻芯泄 褔械褉褌,0.0
袨屑邪褉 胁邪褉械薪褘泄,1.0
校褋褌褉懈褑褘,4.0
袚褉械斜械褕泻懈,5.0
孝褉械锌邪薪谐,0.0
袦褟褋芯 斜褍泄胁芯谢邪,0.0
袦褟褋芯 胁械褉斜谢褞写邪,0.0
袦褟褋芯 谢芯褋褟,0.0
袦褟褋芯 褟泻邪,0.0
袣褉芯谢懈泻 写懈泻懈泄,0.0
肖邪蟹邪薪 蟹邪锌械褔械薪薪褘泄,0.0
笑械褋邪褉泻邪,0.0
袩械褉械锌械谢懈薪邪褟 锌械褔械薪褜,0.0
袚芯胁褟卸懈泄 屑芯蟹谐,1.0
袘邪褉邪薪懈泄 褉褍斜械褑,0.0
小胁懈薪褘械 褍褕懈,0.0
袣褍褉懈薪褘械 卸械谢褍写泻懈,0.0
校褌懈薪邪褟 谐褉褍写泻邪,0.0
袚褍褋懈薪邪褟 锌械褔械薪褜,1.0
小褌褉邪褍褋懈薪芯械 褟泄褑芯,1.0
袩械褉械锌械谢懈薪芯械 褟泄褑芯,0.6
笑褘锌谢械薪芯泻 泻芯褉薪懈褕芯薪,0.0
袥褟谐褍褕邪褔褜懈 谢邪锌泻懈,0.0
校谢懈褌泻懈,2.0
袣芯锌邪谢褜褏械薪,0.0
啸邪褕,0.0
袟褍斜褉芯胁泻邪,0.0
小薪褘褌褜,3.0
袥芯锌褍褏,14.0
袩芯写芯褉芯卸薪懈泻,15.0
袣褉邪锌懈胁邪,5.0
小械谢褜写褜 邪褌谢邪薪褌懈褔械褋泻邪褟 褋胁械卸邪褟,0.0
小泻褍屑斜褉懈褟 邪褌谢邪薪褌懈褔械褋泻邪褟,0.0
袣懈谢褜泻邪 褋芯谢械薪邪褟,0.0
袦芯泄胁邪 褋胁械卸邪褟,0.0
袩褍褌邪褋褋褍,0.0
孝褉械褋泻邪 褌懈褏芯芯泻械邪薪褋泻邪褟,0.0
啸械泻,0.0
袧邪胁邪谐邪,0.0
袧邪谢懈屑,0.0
袩邪薪谐邪褋懈褍褋,0.0
袟褍斜邪褌泻邪,0.0
袨泻褍薪褜 屑芯褉褋泻芯泄,0.0
袝褉褕,0.0
袩谢芯褌胁邪,0.0
校泻谢械泄泻邪,0.0
袚芯谢械褑,0.0
袥械写褟薪邪褟 褉褘斜邪,0.0
袘邪褉邪斜褍谢褜泻邪,0.0
袦邪褋谢褟薪邪褟 褉褘斜邪,0.0
袙械薪械褉泻邪,3.0
袚褉械斜械褕芯泻 屑芯褉褋泻芯泄,2.0
袦褟褋芯 泻褉邪斜邪,0.0
袣邪谢褜屑邪褉 谐懈谐邪薪褌褋泻懈泄,3.0
袣邪褉邪泻邪褌懈褑邪,1.0
袦芯褉褋泻芯泄 芯谐褍褉械褑,0.0
袚芯胁褟卸褜懈 锌芯褔泻懈,1.0
袚芯胁褟卸褜械 褋械褉写褑械,0.0
袚芯胁褟卸褜懈 屑芯蟹谐懈,1.0
小胁懈薪芯泄 褟蟹褘泻,0.0
小胁懈薪褘械 屑芯蟹谐懈,1.0
袘邪褉邪薪懈泄 屑芯蟹谐,1.0
孝械谢褟褔褜褟 锌械褔械薪褜,3.0
小械褉写褑械 泻褍褉懈薪芯械,0.0
袞械谢褍写泻懈 懈薪写械泄泻懈,0.0
袩械褉械锌械谢懈薪褘械 卸械谢褍写泻懈,0.0
袦褟褋芯 褑械褋邪褉泻懈,0.0
袦褟褋芯 谐谢褍褏邪褉褟,0.0
袣褍褉芯锌邪褌泻邪,0.0
袛懈泻懈泄 泻邪斜邪薪,0.0
袦械写胁械卸邪褌懈薪邪,0.0
袟邪泄褔邪褌懈薪邪,0.0
袣邪斜邪薪褟褌懈薪邪,0.0
袘械谢褟褕懈,26.0
袩懈褉芯卸泻懈 卸邪褉械薪褘械 褋 泻邪锌褍褋褌芯泄,35.0
袩懈褉芯卸泻懈 锌械褔械薪褘械 褋 褟斜谢芯泻芯屑,40.0
袙邪褎谢懈,62.0
袣械泻褋 褋褌芯谢懈褔薪褘泄,55.0
袩械褔械薪褜械 芯胁褋褟薪芯械,65.0
小褍褏邪褉懈 胁邪薪懈谢褜薪褘械,75.0
袘邪褉邪薪泻懈,70.0
小褍褕泻懈 屑邪泻芯胁褘械,73.0
小褍褏邪褉懈泻懈 褉卸邪薪褘械,68.0
袙邪褉械薪懈泻懈 褋 褌胁芯褉芯谐芯屑,30.0
袩械谢褜屑械薪懈 褋懈斜懈褉褋泻懈械,22.0
袦邪薪褌褘,25.0
啸懈薪泻邪谢懈,20.0
袪邪胁懈芯谢懈,30.0
袚械写谢懈斜蟹械,18.0
笑懈屑械褋,25.0
肖邪褋芯谢褜 褋褌褉褍褔泻芯胁邪褟,7.0
袚芯褉芯褏 褋褌褉褍褔泻芯胁褘泄,14.0
袘邪屑懈褟 蟹邪屑芯褉芯卸械薪薪邪褟,7.0
袗褉褌懈褕芯泻懈 屑邪褉懈薪芯胁邪薪薪褘械,12.0
小锌邪褉卸邪 斜械谢邪褟 泻芯薪褋械褉胁懈褉芯胁邪薪薪邪褟,3.0
袣邪斜邪褔泻芯胁邪褟 懈泻褉邪,10.0
袘邪泻谢邪卸邪薪薪邪褟 懈泻褉邪,9.0
袩械褉械褑 褎邪褉褕懈褉芯胁邪薪薪褘泄,13.0
袚芯谢褍斜褑褘,12.0
袛芯谢屑邪,15.0
袣邪斜邪褔泻懈 褎邪褉褕懈褉芯胁邪薪薪褘械,11.0
袘褉褞泻胁邪 褌褍褕械薪邪褟,8.0
袪械锌邪 蟹邪锌械褔械薪薪邪褟,6.0
袩邪褋褌械褉薪邪泻 卸邪褉械薪褘泄,18.0
孝褘泻胁械薪薪褘泄 褋褍锌-锌褞褉械,12.0
袘芯褉褖 胁械谐械褌邪褉懈邪薪褋泻懈泄,15.0
些懈 懈蟹 褋胁械卸械泄 泻邪锌褍褋褌褘,10.0
袪邪褋褋芯谢褜薪懈泻,8.0
小芯谢褟薪泻邪 屑褟褋薪邪褟,5.0
袚芯褉芯褏芯胁褘泄 褋褍锌,20.0
肖邪褋芯谢械胁褘泄 褋褍锌,22.0
效械褔械胁懈褔薪褘泄 褋褍锌,18.0
袚褉懈斜薪芯泄 褋褍锌,7.0
校褏邪,4.0
袣褍褉懈薪褘泄 斜褍谢褜芯薪,1.0
袨泻褉芯褕泻邪 屑褟褋薪邪褟,10.0
小胁械泻芯谢褜薪懈泻 褏芯谢芯写薪褘泄,12.0
孝芯屑邪褌薪褘泄 褋褍锌,15.0
袥邪锌褕邪 泻褍褉懈薪邪褟,18.0
袩谢芯胁 胁械谐械褌邪褉懈邪薪褋泻懈泄,30.0
袚褉械褔泻邪 锌芯-泻褍锌械褔械褋泻懈,25.0
袣邪褉褌芯褎械谢褜 褌褍褕械薪褘泄 褋 谐褉懈斜邪屑懈,20.0
袣邪锌褍褋褌邪 褌褍褕械薪邪褟,10.0
袪懈褋 褋 芯胁芯褖邪屑懈,28.0
袦邪泻邪褉芯薪褘 锌芯-褎谢芯褌褋泻懈,27.0
袞邪褉泻芯械 懈蟹 褋胁懈薪懈薪褘,8.0
袘械褎褋褌褉芯谐邪薪芯胁,9.0
袚褍谢褟褕 谐芯胁褟卸懈泄,7.0
袩芯写谢懈胁邪 屑褟褋薪邪褟,6.0
小褌械泄泻 懈蟹 谢芯褋芯褋褟,0.0
袗谢褘褔邪,8.0
袘芯褟褉褘褕薪懈泻,14.0
袠褉谐邪,12.0
袣邪谢懈薪邪,7.0
袨斜谢械锌懈褏邪,5.5
袪褟斜懈薪邪 泻褉邪褋薪邪褟,11.0
效械褉械屑褍褏邪,17.0
楔懈锌芯胁薪懈泻 褋胁械卸懈泄,24.0
协褋褌褉邪谐芯薪,5.0
效邪斜械褉,12.0
袦邪泄芯褉邪薪,60.0
袦械谢懈褋褋邪,8.0
袘邪蟹懈谢懈泻 褎懈芯谢械褌芯胁褘泄,6.0
孝懈屑褜褟薪 褋胁械卸懈泄,24.0
袪芯蟹屑邪褉懈薪,21.0
袨褉械谐邪薪芯,69.0
袣械褉胁械谢褜,49.0
袥褞斜懈褋褌芯泻,20.0
袩芯褉褌褍谢邪泻,3.5
袩邪卸懈褌薪懈泻,58.0
袣邪褌褉邪薪,9.0
携泻芯薪,12.0
袗褉褉芯褉褍褌,85.0
孝邪锌懈芯泻邪,94.0
小械泄褌邪薪 卸邪褉械薪褘泄,5.0
孝械屑锌械 蟹邪锌械褔械薪薪褘泄,10.0
袧邪褌褌芯,12.0
袦懈褋芯 锌邪褋褌邪,25.0
孝芯褎褍 泻芯锌褔械薪褘泄,1.0
小褘褉 褋褍谢褍谐褍薪懈,0.0
袘褉褘薪蟹邪 芯胁械褔褜褟,2.0
袗写褘谐械泄褋泻懈泄 泻芯锌褔械薪褘泄,1.5
袣邪褔芯褌褌邪,1.0
啸邪谢谢褍屑懈,2.0
袘褍褉褉邪褌邪,3.0
袩邪褉屑械蟹邪薪 褌械褉褌褘泄,3.0
袣械褎懈褉薪褘泄 谐褉懈斜,4.0
袡芯谐褍褉褌 谐褉械褔械褋泻懈泄,3.8
小泻懈褉,4.0
袙邪褉械薪械褑,4.3
袘懈芯泄芯谐褍褉褌,6.0
袪褟卸械薪泻邪 褌械褉屑芯褋褌邪褌薪邪褟,4.5
小谐褍褖械薪薪芯械 屑芯谢芯泻芯,55.0
小褍褏芯械 屑芯谢芯泻芯,38.0
小谢懈胁泻懈 褋褍褏懈械,40.0
小褘胁芯褉芯褌泻邪 褋褍褏邪褟,73.0
袣芯谢斜邪褋邪 褋褘褉芯泻芯锌褔械薪邪褟,1.0
小邪谢褟屑懈,1.5
袘褉械蟹械芯谢邪,0.0
袩邪薪褔械褌褌邪,0.0
袩褉芯褕褍褌褌芯,0.0
袙械褌褔懈薪邪 锌邪褉屑褋泻邪褟,0.5
袟械谢褜褑 泻褉芯胁褟薪芯泄,10.0
小褌褍写械薪褜 谐芯胁褟卸懈泄,3.0
袩邪褕褌械褌 锌械褔械薪芯褔薪褘泄,6.0
袥懈胁械褉薪邪褟 泻芯谢斜邪褋邪,2.0
小褍写卸褍泻,2.0
效芯褉懈蟹芯,1.0
袣褉芯胁褟薪泻邪,15.0
小芯褋懈褋泻懈 屑芯谢芯褔薪褘械,1.5
小邪谢芯 泻芯锌褔械薪芯械,0.0
楔锌懈泻,0.0
袚褉褍写懈薪泻邪 泻芯锌褔械薪邪褟,0.0
袨谢械薪懈薪邪 泻芯锌褔械薪邪褟,0.0
袘褍卸械薪懈薪邪,0.5
袣邪褉斜芯薪邪写,1.0
楔械泄泻邪 褋胁懈薪邪褟,0.0
袣芯褉械泄泻邪,0.0
袣褉芯谢懈泻 蟹邪锌械褔械薪薪褘泄,0.0
袩械褉械锌械谢泻邪 泻芯锌褔械薪邪褟,0.0
校褌泻邪 泻芯锌褔械薪邪褟,0.0
袚褍褋褜 泻芯锌褔械薪褘泄,0.0
袣芯谢斜邪褋邪 写芯泻褌芯褉褋泻邪褟,1.5
袣芯谢斜邪褋邪 谢懈胁械褉薪邪褟,2.0
袣芯谢斜邪褋邪 褔邪泄薪邪褟,1.0
袩邪锌芯褉芯褌薪懈泻 褋芯谢械薪褘泄,5.0
效械褉械屑褕邪,6.0
些邪胁械谢褜,3.0
袣谢械胁械褉,5.0
袨写褍胁邪薪褔懈泻 谢懈褋褌褜褟,9.0
袥械斜械写邪,4.0
袦芯泻褉懈褑邪,3.5
袩邪褋褌褍褕褜褟 褋褍屑泻邪,4.0
袣懈褋谢懈褑邪,4.0
袥懈锌邪 褑胁械褌褘,40.0
袪芯屑邪褕泻邪 褑胁械褌褘,38.0
楔懈锌芯胁薪懈泻 褋褍褕械薪褘泄,60.0
袣芯褉械薪褜 褋芯谢芯写泻懈,20.0
袠屑斜懈褉褜 屑邪褉懈薪芯胁邪薪薪褘泄,12.0
效械褋薪芯泻 褔械褉薪褘泄,75.0
袥褍泻-锌芯褉械泄 屑邪褉懈薪芯胁邪薪薪褘泄,10.0
袣邪锌械褉褋褘 泻芯薪褋械褉胁懈褉芯胁邪薪薪褘械,5.0
袗褉褌懈褕芯泻懈 胁 屑邪褋谢械,8.0
小锌邪褉卸邪 蟹械谢械薪邪褟 泻芯薪褋械褉胁懈褉芯胁邪薪薪邪褟,3.0
孝芯屑邪褌褘 胁褟谢械薪褘械,40.0
袚褉懈斜褘 屑邪褉懈薪芯胁邪薪薪褘械,5.0
袨谢懈胁泻懈 蟹械谢械薪褘械 褎邪褉褕懈褉芯胁邪薪薪褘械,6.0
袩械褉械褑 褏邪谢邪锌械薪褜芯 泻芯薪褋械褉胁懈褉芯胁邪薪薪褘泄,5.0
袗薪邪薪邪褋褘 泻芯薪褋械褉胁懈褉芯胁邪薪薪褘械,16.0
袩械褉褋懈泻懈 泻芯薪褋械褉胁懈褉芯胁邪薪薪褘械,15.0
小芯屑,0.0
孝芯谢褋褌芯谢芯斜懈泻,0.0
袘械谢褘泄 邪屑褍褉,0.0
袩械谢褟写褜,0.0
肖芯褉械谢褜 褉邪写褍卸薪邪褟,0.0
小懈谐,0.0
袧械谢褜屑邪,0.0
袦褍泻褋褍薪,0.0
袨屑褍谢褜,0.0
效懈褉,0.0
袣械褌邪 褋芯谢械薪邪褟,0.0
袚芯褉斜褍褕邪 泻芯薪褋械褉胁懈褉芯胁邪薪薪邪褟,0.0
小邪泄褉邪 泻芯锌褔械薪邪褟,0.0
袗薪褔芯褍褋褘 褋芯谢械薪褘械,0.0
孝褍薪械褑 胁 褋芯斜褋褌胁械薪薪芯屑 褋芯泻褍,0.0
袣邪谢褜屑邪褉 褋褍褕械薪褘泄,1.0
袣褉械胁械褌泻懈 褌懈谐褉芯胁褘械,0.0
袣褉懈谢褜,0.0
袦芯褉褋泻芯泄 谐褉械斜械褕芯泻 蟹邪屑芯褉芯卸械薪薪褘泄,3.0
孝褉械褋泻邪 谐芯褉褟褔械谐芯 泻芯锌褔械薪懈褟,0.0
袚芯胁褟卸褜褟 褋械谢械蟹械薪泻邪,1.0
袘邪褉邪薪褜褟 锌械褔械薪褜,3.0
小胁懈薪褘械 谢械谐泻懈械,1.0
袚芯胁褟卸褜懈 谐褍斜褘,0.0
袘褘褔懈泄 褏胁芯褋褌,0.0
袣褍褉懈薪褘械 褋锌懈薪泻懈,0.0
校褌懈薪褘械 谢邪锌泻懈,0.0
肖褍邪-谐褉邪,4.0
袩械褉械锌械谢懈薪褘械 褋械褉写褑邪,0.0
小褌褉邪褍褋懈薪芯械 屑褟褋芯,0.0
袣褉芯泻芯写懈谢,0.0
效械褉械锌邪褏邪,0.0
袟屑械褟,0.0
袥芯褋褜,0.0
袣芯褋褍谢褟,0.0
袘芯斜褉,0.0
小褍褋谢懈泻,0.0
袘械谢芯泻,0.0
肖懈谢懈薪,0.0
袙芯褉芯薪邪,0.0
啸谢械斜 泻邪褉褌芯褎械谢褜薪褘泄,28.0
袥械锌褢褕泻懈 锌褉械褋薪褘械,53.0
效褍褉械泻,48.0
啸邪褔邪锌褍褉懈,30.0
效械斜褍褉械泻,25.0
袘懈褋泻胁懈褌 褋褍褏芯泄,84.0
袣芯褉卸懈泻 屑械写芯胁褘泄,75.0
袩褉褟薪懈泻 屑褟褌薪褘泄,77.0
袙邪褎械谢褜薪褘泄 褌芯褉褌,43.0
孝芯褉褌 袩褌懈褔褜械 屑芯谢芯泻芯,40.0
孝芯褉褌 袩褉邪谐邪,38.0
袣褉械屑 蟹邪胁邪褉薪芯泄,16.0
袦褍褋褋 褕芯泻芯谢邪写薪褘泄,22.0
小褍褎谢械 胁邪薪懈谢褜薪芯械,28.0
袩褍写懈薪谐 褉懈褋芯胁褘泄,20.0
袞械谢械 褎褉褍泻褌芯胁芯械,15.0
袦邪褉褕屑械谢谢芯褍,81.0
袩芯锌泻芯褉薪 褋芯谢械薪褘泄,78.0
效懈锌褋褘 泻褍泻褍褉褍蟹薪褘械,83.0
小薪械泻懈 褋褘褉薪褘械,60.0
小芯械胁芯械 屑褟褋芯 褋褍褏芯械,30.0
小械泄褌邪薪 褋褍褏芯泄,10.0
孝械屑锌械 褋褍褕械薪褘泄,15.0
袧芯褉懈 褋褍褕械薪褘械,35.0
小锌懈褉褍谢懈薪邪 褋褍褕械薪邪褟,24.0
啸谢芯褉械谢谢邪 锌芯褉芯褕芯泻,23.0
袥邪屑懈薪邪褉懈褟 褋褍褕械薪邪褟,40.0
袦芯褉褋泻芯泄 胁懈薪芯谐褉邪写,5.0
校谢褜胁邪,2.0
肖褍泻褍褋,8.0
袗谐邪褉-邪谐邪褉,80.0
袣邪褉褉邪谐懈薪邪薪,85.0
袚褍邪褉芯胁邪褟 泻邪屑械写褜,90.0
袣褋邪薪褌邪薪芯胁邪褟 泻邪屑械写褜,85.0
袩械泻褌懈薪 褟斜谢芯褔薪褘泄,90.0
小懈褉芯锌 褌芯锌懈薪邪屑斜褍褉邪,65.0
袦邪谢褜褌芯蟹薪邪褟 锌邪褌芯泻邪,100.0
袣谢械薪芯胁褘泄 褋邪褏邪褉,100.0
袩邪谢褜屑芯胁褘泄 褋邪褏邪褉,100.0
袣芯泻芯褋芯胁褘泄 褋邪褏邪褉,100.0
小芯谢芯写 褉卸邪薪芯泄,75.0
小芯谢芯写 褟褔屑械薪薪褘泄,78.0
协泻褋褌褉邪泻褌 褋芯谢芯写邪,85.0
小芯械胁褘泄 褋芯褍褋,11.0
校褋褌褉懈褔薪褘泄 褋芯褍褋,30.0
袪褘斜薪褘泄 褋芯褍褋,5.0
孝械褉懈褟泻懈,35.0
啸芯泄褋懈薪,38.0
袣懈屑褔懈,5.0
袣胁邪褕械薪邪褟 褋胁械泻谢邪,10.0
袦芯褔褢薪褘械 褟斜谢芯泻懈,12.0
袦芯褔褢薪邪褟 斜褉褍褋薪懈泻邪,15.0
小芯谢褢薪褘械 谐褉褍蟹写懈,2.0
袚褉褍蟹写懈 褔褢褉薪褘械 屑邪褉懈薪芯胁邪薪薪褘械,3.0
孝芯屑邪褌薪邪褟 锌邪褋褌邪,18.0
携斜谢芯褔薪芯械 锌褞褉械,25.0
孝褘泻胁械薪薪芯械 锌褞褉械,9.0
袛械褌褋泻邪褟 泻邪褕邪 褉懈褋芯胁邪褟,85.0
袛械褌褋泻芯械 锌褞褉械 懈蟹 懈薪写械泄泻懈,5.0
袛械褌褋泻邪褟 褋屑械褋褜,56.0
袩褉芯褌械懈薪芯胁褘泄 斜邪褌芯薪褔懈泻,45.0
袚械泄薪械褉,75.0
小褘胁芯褉芯褌芯褔薪褘泄 锌褉芯褌械懈薪,10.0
袣邪蟹械懈薪,6.0
BCAA 锌芯褉芯褕芯泻,0.0
袣邪褉褌芯褎械谢褜 褋褘褉芯泄,16.0
袥褍泻 卸邪褉械薪褘泄,15.0
袩芯屑懈写芯褉褘 泻芯薪褋械褉胁懈褉芯胁邪薪薪褘械,4.0
袣邪斜邪褔泻懈 褌褍褕械薪褘械,6.0
小胁懈薪邪褟 胁褘褉械蟹泻邪,0.0
肖懈谢械 懈薪写械泄泻懈,0.0
袣械褎懈褉 1%,4.0
孝胁芯褉芯谐 5%,3.0
小芯泻 褟斜谢芯褔薪褘泄,10.0
效邪泄 褔械褉薪褘泄,0.0